Food,,,,,,
alfalfa,,,,,,
almond,,,,,,
apples,,,,,,
artichoke,,,,,,
arugula,,,,,,
asparagus,,,,,,
avocado,,,,,,
bacon,,,,,,
bagels,,,,,,
barley,,,,,,
beans,,,,,,
beef,,,,,,
beer,,,,,,
biscuits,,,,,,
bread,,,,,,
broccoli,,,,,,
buritto,,,,,,
butter,,,,,,
cabbage,,,,,,
cake,,,,,,
carrots,,,,,,
celery,,,,,,
mushrooms,,,,,,
cereal,,,,,,
cheese,,,,,,
chicken,,,,,,
chips,,,,,,
chocolate,,,,,,
clams,,,,,,
coffee,,,,,,
cookies,,,,,,
corn,,,,,,
crab,,,,,,
crackers,,,,,,
curry,,,,,,
donuts,,,,,,
duck,,,,,,
dumplings,,,,,,
eggs,,,,,,
enchilada,,,,,,
falafel,,,,,,
fish,,,,,,
flour,,,,,,
garlic,,,,,,
goose,,,,,,
granola,,,,,,
grapes,,,,,,
ham,,,,,,
honey,,,,,,
icecream,,,,,,
jam,,,,,,
juice,,,,,,
kale,,,,,,
ketchup,,,,,,
kiwi,,,,,,
lamb,,,,,,
lasagna,,,,,,
lobster,,,,,,
meatballs,,,,,,
milk,,,,,,
noodles,,,,,,
oil,,,,,,
pancakes,,,,,,
peanuts,,,,,,
pickles,,,,,,
pizza,,,,,,
potatoes,,,,,,
spaghetti,,,,,,
spinach,,,,,,
sugar,,,,,,
tea,,,,,,
tortillas,,,,,,
tuna,,,,,,
venison,,,,,,
vodka,,,,,,
walnuts,,,,,,
water,,,,,,
wine,,,,,,
yoghurt,,,,,,
zucchini,,,,,,
